user_id,source
ml_1,movielens
ml_2,movielens
ml_3,movielens
ml_4,movielens
ml_5,movielens
ml_6,movielens
ml_7,movielens
ml_8,movielens
ml_9,movielens
ml_10,movielens
ml_11,movielens
ml_12,movielens
ml_13,movielens
ml_14,movielens
ml_15,movielens
ml_16,movielens
ml_17,movielens
ml_18,movielens
ml_19,movielens
ml_20,movielens
ml_21,movielens
ml_22,movielens
ml_23,movielens
ml_24,movielens
ml_25,movielens
ml_26,movielens
ml_27,movielens
ml_28,movielens
ml_29,movielens
ml_30,movielens
ml_31,movielens
ml_32,movielens
ml_33,movielens
ml_34,movielens
ml_35,movielens
ml_36,movielens
ml_37,movielens
ml_38,movielens
ml_39,movielens
ml_40,movielens
ml_41,movielens
ml_42,movielens
ml_43,movielens
ml_44,movielens
ml_45,movielens
ml_46,movielens
ml_47,movielens
ml_48,movielens
ml_49,movielens
ml_50,movielens
ml_51,movielens
ml_52,movielens
ml_53,movielens
ml_54,movielens
ml_55,movielens
ml_56,movielens
ml_57,movielens
ml_58,movielens
ml_59,movielens
ml_60,movielens
ml_61,movielens
ml_62,movielens
ml_63,movielens
ml_64,movielens
ml_65,movielens
ml_66,movielens
ml_67,movielens
ml_68,movielens
ml_69,movielens
ml_70,movielens
ml_71,movielens
ml_72,movielens
ml_73,movielens
ml_74,movielens
ml_75,movielens
ml_76,movielens
ml_77,movielens
ml_78,movielens
ml_79,movielens
ml_80,movielens
ml_81,movielens
ml_82,movielens
ml_83,movielens
ml_84,movielens
ml_85,movielens
ml_86,movielens
ml_87,movielens
ml_88,movielens
ml_89,movielens
ml_90,movielens
ml_91,movielens
ml_92,movielens
ml_93,movielens
ml_94,movielens
ml_95,movielens
ml_96,movielens
ml_97,movielens
ml_98,movielens
ml_99,movielens
ml_100,movielens
ml_101,movielens
ml_102,movielens
ml_103,movielens
ml_104,movielens
ml_105,movielens
ml_106,movielens
ml_107,movielens
ml_108,movielens
ml_109,movielens
ml_110,movielens
ml_111,movielens
ml_112,movielens
ml_113,movielens
ml_114,movielens
ml_115,movielens
ml_116,movielens
ml_117,movielens
ml_118,movielens
ml_119,movielens
ml_120,movielens
ml_121,movielens
ml_122,movielens
ml_123,movielens
ml_124,movielens
ml_125,movielens
ml_126,movielens
ml_127,movielens
ml_128,movielens
ml_129,movielens
ml_130,movielens
ml_131,movielens
ml_132,movielens
ml_133,movielens
ml_134,movielens
ml_135,movielens
ml_136,movielens
ml_137,movielens
ml_138,movielens
ml_139,movielens
ml_140,movielens
ml_141,movielens
ml_142,movielens
ml_143,movielens
ml_144,movielens
ml_145,movielens
ml_146,movielens
ml_147,movielens
ml_148,movielens
ml_149,movielens
ml_150,movielens
ml_151,movielens
ml_152,movielens
ml_153,movielens
ml_154,movielens
ml_155,movielens
ml_156,movielens
ml_157,movielens
ml_158,movielens
ml_159,movielens
ml_160,movielens
ml_161,movielens
ml_162,movielens
ml_163,movielens
ml_164,movielens
ml_165,movielens
ml_166,movielens
ml_167,movielens
ml_168,movielens
ml_169,movielens
ml_170,movielens
ml_171,movielens
ml_172,movielens
ml_173,movielens
ml_174,movielens
ml_175,movielens
ml_176,movielens
ml_177,movielens
ml_178,movielens
ml_179,movielens
ml_180,movielens
ml_181,movielens
ml_182,movielens
ml_183,movielens
ml_184,movielens
ml_185,movielens
ml_186,movielens
ml_187,movielens
ml_188,movielens
ml_189,movielens
ml_190,movielens
ml_191,movielens
ml_192,movielens
ml_193,movielens
ml_194,movielens
ml_195,movielens
ml_196,movielens
ml_197,movielens
ml_198,movielens
ml_199,movielens
ml_200,movielens
ml_201,movielens
ml_202,movielens
ml_203,movielens
ml_204,movielens
ml_205,movielens
ml_206,movielens
ml_207,movielens
ml_208,movielens
ml_209,movielens
ml_210,movielens
ml_211,movielens
ml_212,movielens
ml_213,movielens
ml_214,movielens
ml_215,movielens
ml_216,movielens
ml_217,movielens
ml_218,movielens
ml_219,movielens
ml_220,movielens
ml_221,movielens
ml_222,movielens
ml_223,movielens
ml_224,movielens
ml_225,movielens
ml_226,movielens
ml_227,movielens
ml_228,movielens
ml_229,movielens
ml_230,movielens
ml_231,movielens
ml_232,movielens
ml_233,movielens
ml_234,movielens
ml_235,movielens
ml_236,movielens
ml_237,movielens
ml_238,movielens
ml_239,movielens
ml_240,movielens
ml_241,movielens
ml_242,movielens
ml_243,movielens
ml_244,movielens
ml_245,movielens
ml_246,movielens
ml_247,movielens
ml_248,movielens
ml_249,movielens
ml_250,movielens
ml_251,movielens
ml_252,movielens
ml_253,movielens
ml_254,movielens
ml_255,movielens
ml_256,movielens
ml_257,movielens
ml_258,movielens
ml_259,movielens
ml_260,movielens
ml_261,movielens
ml_262,movielens
ml_263,movielens
ml_264,movielens
ml_265,movielens
ml_266,movielens
ml_267,movielens
ml_268,movielens
ml_269,movielens
ml_270,movielens
ml_271,movielens
ml_272,movielens
ml_273,movielens
ml_274,movielens
ml_275,movielens
ml_276,movielens
ml_277,movielens
ml_278,movielens
ml_279,movielens
ml_280,movielens
ml_281,movielens
ml_282,movielens
ml_283,movielens
ml_284,movielens
ml_285,movielens
ml_286,movielens
ml_287,movielens
ml_288,movielens
ml_289,movielens
ml_290,movielens
ml_291,movielens
ml_292,movielens
ml_293,movielens
ml_294,movielens
ml_295,movielens
ml_296,movielens
ml_297,movielens
ml_298,movielens
ml_299,movielens
ml_300,movielens
ml_301,movielens
ml_302,movielens
ml_303,movielens
ml_304,movielens
ml_305,movielens
ml_306,movielens
ml_307,movielens
ml_308,movielens
ml_309,movielens
ml_310,movielens
ml_311,movielens
ml_312,movielens
ml_313,movielens
ml_314,movielens
ml_315,movielens
ml_316,movielens
ml_317,movielens
ml_318,movielens
ml_319,movielens
ml_320,movielens
ml_321,movielens
ml_322,movielens
ml_323,movielens
ml_324,movielens
ml_325,movielens
ml_326,movielens
ml_327,movielens
ml_328,movielens
ml_329,movielens
ml_330,movielens
ml_331,movielens
ml_332,movielens
ml_333,movielens
ml_334,movielens
ml_335,movielens
ml_336,movielens
ml_337,movielens
ml_338,movielens
ml_339,movielens
ml_340,movielens
ml_341,movielens
ml_342,movielens
ml_343,movielens
ml_344,movielens
ml_345,movielens
ml_346,movielens
ml_347,movielens
ml_348,movielens
ml_349,movielens
ml_350,movielens
ml_351,movielens
ml_352,movielens
ml_353,movielens
ml_354,movielens
ml_355,movielens
ml_356,movielens
ml_357,movielens
ml_358,movielens
ml_359,movielens
ml_360,movielens
ml_361,movielens
ml_362,movielens
ml_363,movielens
ml_364,movielens
ml_365,movielens
ml_366,movielens
ml_367,movielens
ml_368,movielens
ml_369,movielens
ml_370,movielens
ml_371,movielens
ml_372,movielens
ml_373,movielens
ml_374,movielens
ml_375,movielens
ml_376,movielens
ml_377,movielens
ml_378,movielens
ml_379,movielens
ml_380,movielens
ml_381,movielens
ml_382,movielens
ml_383,movielens
ml_384,movielens
ml_385,movielens
ml_386,movielens
ml_387,movielens
ml_388,movielens
ml_389,movielens
ml_390,movielens
ml_391,movielens
ml_392,movielens
ml_393,movielens
ml_394,movielens
ml_395,movielens
ml_396,movielens
ml_397,movielens
ml_398,movielens
ml_399,movielens
ml_400,movielens
ml_401,movielens
ml_402,movielens
ml_403,movielens
ml_404,movielens
ml_405,movielens
ml_406,movielens
ml_407,movielens
ml_408,movielens
ml_409,movielens
ml_410,movielens
ml_411,movielens
ml_412,movielens
ml_413,movielens
ml_414,movielens
ml_415,movielens
ml_416,movielens
ml_417,movielens
ml_418,movielens
ml_419,movielens
ml_420,movielens
ml_421,movielens
ml_422,movielens
ml_423,movielens
ml_424,movielens
ml_425,movielens
ml_426,movielens
ml_427,movielens
ml_428,movielens
ml_429,movielens
ml_430,movielens
ml_431,movielens
ml_432,movielens
ml_433,movielens
ml_434,movielens
ml_435,movielens
ml_436,movielens
ml_437,movielens
ml_438,movielens
ml_439,movielens
ml_440,movielens
ml_441,movielens
ml_442,movielens
ml_443,movielens
ml_444,movielens
ml_445,movielens
ml_446,movielens
ml_447,movielens
ml_448,movielens
ml_449,movielens
ml_450,movielens
ml_451,movielens
ml_452,movielens
ml_453,movielens
ml_454,movielens
ml_455,movielens
ml_456,movielens
ml_457,movielens
ml_458,movielens
ml_459,movielens
ml_460,movielens
ml_461,movielens
ml_462,movielens
ml_463,movielens
ml_464,movielens
ml_465,movielens
ml_466,movielens
ml_467,movielens
ml_468,movielens
ml_469,movielens
ml_470,movielens
ml_471,movielens
ml_472,movielens
ml_473,movielens
ml_474,movielens
ml_475,movielens
ml_476,movielens
ml_477,movielens
ml_478,movielens
ml_479,movielens
ml_480,movielens
ml_481,movielens
ml_482,movielens
ml_483,movielens
ml_484,movielens
ml_485,movielens
ml_486,movielens
ml_487,movielens
ml_488,movielens
ml_489,movielens
ml_490,movielens
ml_491,movielens
ml_492,movielens
ml_493,movielens
ml_494,movielens
ml_495,movielens
ml_496,movielens
ml_497,movielens
ml_498,movielens
ml_499,movielens
ml_500,movielens
ml_501,movielens
ml_502,movielens
ml_503,movielens
ml_504,movielens
ml_505,movielens
ml_506,movielens
ml_507,movielens
ml_508,movielens
ml_509,movielens
ml_510,movielens
ml_511,movielens
ml_512,movielens
ml_513,movielens
ml_514,movielens
ml_515,movielens
ml_516,movielens
ml_517,movielens
ml_518,movielens
ml_519,movielens
ml_520,movielens
ml_521,movielens
ml_522,movielens
ml_523,movielens
ml_524,movielens
ml_525,movielens
ml_526,movielens
ml_527,movielens
ml_528,movielens
ml_529,movielens
ml_530,movielens
ml_531,movielens
ml_532,movielens
ml_533,movielens
ml_534,movielens
ml_535,movielens
ml_536,movielens
ml_537,movielens
ml_538,movielens
ml_539,movielens
ml_540,movielens
ml_541,movielens
ml_542,movielens
ml_543,movielens
ml_544,movielens
ml_545,movielens
ml_546,movielens
ml_547,movielens
ml_548,movielens
ml_549,movielens
ml_550,movielens
ml_551,movielens
ml_552,movielens
ml_553,movielens
ml_554,movielens
ml_555,movielens
ml_556,movielens
ml_557,movielens
ml_558,movielens
ml_559,movielens
ml_560,movielens
ml_561,movielens
ml_562,movielens
ml_563,movielens
ml_564,movielens
ml_565,movielens
ml_566,movielens
ml_567,movielens
ml_568,movielens
ml_569,movielens
ml_570,movielens
ml_571,movielens
ml_572,movielens
ml_573,movielens
ml_574,movielens
ml_575,movielens
ml_576,movielens
ml_577,movielens
ml_578,movielens
ml_579,movielens
ml_580,movielens
ml_581,movielens
ml_582,movielens
ml_583,movielens
ml_584,movielens
ml_585,movielens
ml_586,movielens
ml_587,movielens
ml_588,movielens
ml_589,movielens
ml_590,movielens
ml_591,movielens
ml_592,movielens
ml_593,movielens
ml_594,movielens
ml_595,movielens
ml_596,movielens
ml_597,movielens
ml_598,movielens
ml_599,movielens
ml_600,movielens
ml_601,movielens
ml_602,movielens
ml_603,movielens
ml_604,movielens
ml_605,movielens
ml_606,movielens
ml_607,movielens
ml_608,movielens
ml_609,movielens
ml_610,movielens
5,imdb_reviews
4,imdb_reviews
3,imdb_reviews
7,imdb_reviews
1,imdb_reviews
9,imdb_reviews
2,imdb_reviews
8,imdb_reviews
10,imdb_reviews
8.0,imdb_reviews
9.0,imdb_reviews
10.0,imdb_reviews
1.0,imdb_reviews
7.0,imdb_reviews
6.0,imdb_reviews
3.0,imdb_reviews
5.0,imdb_reviews
2.0,imdb_reviews
6,imdb_reviews
4.0,imdb_reviews
